"0","library(methods)"
"0","library(XML)"
"0","library(corrplot)"
"2","corrplot 0.90 loaded
"
"0","library(scales)"
"0","library(lubridate)"
"2","
Attaching package: â€˜lubridateâ€™

"
"2","The following objects are masked from â€˜package:baseâ€™:

    date, intersect, setdiff, union

"
"0","library(moveHMM)"
"2","Loading required package: CircStats
"
"2","Loading required package: MASS
"
"2","Loading required package: boot
"
"0","library(tidyverse)"
"2","Registered S3 methods overwritten by 'dbplyr':
  method         from
  print.tbl_lazy     
  print.tbl_sql      
"
"2","[30mâ”€â”€ [1mAttaching packages[22m â”€â”€â”€â”€â”€â”€â”€â”€â”€â”€â”€â”€â”€â”€â”€â”€â”€â”€â”€â”€â”€â”€â”€â”€â”€â”€â”€â”€â”€â”€â”€â”€â”€â”€ tidyverse 1.3.1 â”€â”€[39m
"
"2","[30m[32mâœ“[30m [34mggplot2[30m 3.3.5     [32mâœ“[30m [34mpurrr  [30m 0.3.4
[32mâœ“[30m [34mtibble [30m 3.1.4     [32mâœ“[30m [34mdplyr  [30m 1.0.7
[32mâœ“[30m [34mtidyr  [30m 1.1.3     [32mâœ“[30m [34mstringr[30m 1.4.0
[32mâœ“[30m [34mreadr  [30m 2.0.1     [32mâœ“[30m [34mforcats[30m 0.5.1[39m
"
"2","[30mâ”€â”€ [1mConflicts[22m â”€â”€â”€â”€â”€â”€â”€â”€â”€â”€â”€â”€â”€â”€â”€â”€â”€â”€â”€â”€â”€â”€â”€â”€â”€â”€â”€â”€â”€â”€â”€â”€â”€â”€â”€â”€â”€ tidyverse_conflicts() â”€â”€
[31mx[30m [34mlubridate[30m::[32mas.difftime()[30m masks [34mbase[30m::as.difftime()
[31mx[30m [34mreadr[30m::[32mcol_factor()[30m      masks [34mscales[30m::col_factor()
[31mx[30m [34mlubridate[30m::[32mdate()[30m        masks [34mbase[30m::date()
[31mx[30m [34mpurrr[30m::[32mdiscard()[30m         masks [34mscales[30m::discard()
[31mx[30m [34mdplyr[30m::[32mfilter()[30m          masks [34mstats[30m::filter()
[31mx[30m [34mlubridate[30m::[32mintersect()[30m   masks [34mbase[30m::intersect()
[31mx[30m [34mdplyr[30m::[32mlag()[30m             masks [34mstats[30m::lag()
[31mx[30m [34mdplyr[30m::[32mselect()[30m          masks [34mMASS[30m::select()
[31mx[30m [34mlubridate[30m::[32msetdiff()[30m     masks [34mbase[30m::setdiff()
[31mx[30m [34mlubridate[30m::[32munion()[30m       masks [34mbase[30m::union()[39m
"
"0","set.seed(1337)"
